datum,claude_md_zeilen,skills_zeilen,rules_zeilen,tore,hooks,commits_30d,prozess_commits_30d,roadmap_bytes,steuerflaeche_bytes
2026-07-01,323,1492,0,25,3,1465,141,50244,152095
2026-07-15,382,1571,0,47,5,1137,124,116138,266362
2026-08-01,212,2221,0,63,6,590,63,114339,385188
2026-08-15,235,3018,69,64,9,512,232,82710,892246
2026-09-01,226,3086,88,70,9,457,237,73953,927223
2026-09-15,226,3582,106,88,9,391,129,120332,1217209
2026-09-20,244,3897,149,90,9,418,142,147175,1330825
2026-09-24,244,3984,149,93,9,503,162,75516,1315190
2026-09-25,244,4054,149,93,9,570,182,68723,1266978
2026-10-01,244,4116,149,94,9,631,181,59065,1277905
2026-10-05,245,3884,158,93,8,604,159,13632,933026
