spec,FANG_PRODUKT,FANG_GEMISCHT,FANG_TEST,FANG_BAU,FLAKE,OFFEN_UNKLAR,tests,dauer_s
e2e/kein-abschnitt.e2e.ts,6,0,0,0,2,0,112,381
e2e/leser-suche-a35-a40-a41.e2e.ts,4,2,1,0,17,0,3,15
e2e/leser-gliederung-a33.e2e.ts,3,5,1,0,20,1,4,39
e2e/a11y.e2e.ts,3,1,0,0,0,15,55,226
e2e/norm-sprung.e2e.ts,2,4,1,0,18,0,11,57
e2e/gesetze-ia-v2-walks.e2e.ts,2,2,0,0,10,0,15,42
e2e/leser-lesemass.e2e.ts,2,1,0,0,3,1,24,65
e2e/leser-optionen.e2e.ts,2,1,0,0,0,1,4,6
e2e/leser-v3-panel-bezuege-wirkung.e2e.ts,2,1,1,0,0,0,10,31
e2e/gesetze-ia7-sidebar-badges.e2e.ts,2,0,0,0,0,0,2,2
e2e/gesetze.e2e.ts,2,0,0,0,1,0,6,11
e2e/leser-breite-a37.e2e.ts,2,0,0,0,2,0,7,34
e2e/rechtsprechung-richter.e2e.ts,2,0,2,0,4,0,12,38
e2e/suche-seite.e2e.ts,2,0,0,0,1,0,5,32
e2e/w229-w1f-blatt-artikel.e2e.ts,2,0,0,0,0,0,8,46
e2e/leser-ruecksprung-r5-r7.e2e.ts,1,3,0,3,8,0,10,81
e2e/leser-r1-r2.e2e.ts,1,2,0,0,14,1,11,50
e2e/leitfaelle-chips.e2e.ts,1,1,2,0,2,1,1,4
e2e/leser-v3-rahmen.e2e.ts,1,1,0,0,0,0,18,57
e2e/leser-v3-seitenleiste-ordnung.e2e.ts,1,1,0,0,0,0,4,15
e2e/qsui-hierarchie.e2e.ts,1,1,0,0,1,0,65,65
e2e/verweis-u.e2e.ts,1,1,0,0,12,1,11,51
e2e/gesetze-ux-g3a.e2e.ts,1,0,0,0,0,1,4,7
e2e/leser-history-hash.e2e.ts,1,0,1,0,0,0,3,30
e2e/leser-v3-kontext-cls.e2e.ts,1,0,0,0,0,0,3,15
e2e/uinav-j-rechtsprechung.e2e.ts,1,0,0,0,3,0,3,5
e2e/w224-reiter-umordnen-d16.e2e.ts,1,0,0,0,5,2,25,35
e2e/leser-v3-kopfzeile.e2e.ts,0,3,1,0,1,0,23,57
e2e/materialien-register-shards.e2e.ts,0,3,1,0,0,0,4,5
e2e/entstehung-synopse-leser.e2e.ts,0,2,1,0,1,0,6,30
e2e/d21-seitenleiste-kein-sprung.e2e.ts,0,1,0,0,0,0,4,12
e2e/entstehung-karte-e3.e2e.ts,0,1,2,0,0,0,5,24
e2e/gesetze-historie-badge.e2e.ts,0,1,0,0,0,0,5,15
e2e/gesetze-marginalie.e2e.ts,0,1,0,0,0,0,4,12
e2e/gesetze-ux-9punkte.e2e.ts,0,1,0,0,12,7,9,39
e2e/international-kanonik-ia6.e2e.ts,0,1,0,0,0,0,11,11
e2e/leser-kopf-v2.e2e.ts,0,1,1,0,0,0,4,9
e2e/leser-links-p3.e2e.ts,0,1,0,0,0,0,1,8
e2e/leser-ohne-gliederungslinie.e2e.ts,0,1,1,0,4,5,2,17
e2e/leser-spy-w25d.e2e.ts,0,1,0,0,0,0,4,66
e2e/leser-v3-h4-gliederungswege.e2e.ts,0,1,0,0,0,0,3,10
e2e/leser-v3-nachzug-auskunft.e2e.ts,0,1,0,0,0,0,6,11
e2e/leser-v3-panel-entscheide-s6.e2e.ts,0,1,0,0,0,0,4,19
e2e/leser-v3-split-a34-bugs.e2e.ts,0,1,0,0,0,0,2,20
e2e/normrevision-badge.e2e.ts,0,1,0,0,2,0,1,2
e2e/rechtsprechung.e2e.ts,0,1,1,0,5,0,19,27
e2e/suche-q-fokus-s1-s6.e2e.ts,0,1,0,0,1,0,15,22
e2e/uinav-v2-v4-normchip.e2e.ts,0,1,0,0,0,0,7,14
e2e/verzahnung.e2e.ts,0,1,1,0,1,1,7,10
e2e/w224-r11-reiterleiste.e2e.ts,0,1,0,0,11,0,33,55
e2e/a11y-flaeche.e2e.ts,0,0,0,0,0,5,61,137
e2e/a31a-fussnote-inline.e2e.ts,0,0,0,0,0,0,2,6
e2e/ag-gruendung-wizard.e2e.ts,0,0,0,0,0,0,1,2
e2e/bild-block-items.e2e.ts,0,0,0,0,0,0,5,12
e2e/d36-einstellungen-fuss.e2e.ts,0,0,0,0,0,0,3,2
e2e/d39-begruessung.e2e.ts,0,0,0,0,2,0,14,18
e2e/deckung-seite.e2e.ts,0,0,0,0,0,0,5,4
e2e/design-tinte-leise.e2e.ts,0,0,0,0,0,0,2,1
e2e/druck-dunkel-dk09.e2e.ts,0,0,0,0,3,0,2,11
e2e/druck-fundstellen-z2.e2e.ts,0,0,1,1,13,0,5,22
e2e/entscheid-verweis-praezision.e2e.ts,0,0,0,0,0,0,3,3
e2e/expect-vorwarten.e2e.ts,0,0,0,0,0,0,3,5
e2e/fn5-wortposition.e2e.ts,0,0,0,0,0,0,3,8
e2e/fremdgesetz-verweis-aig.e2e.ts,0,0,0,0,0,0,1,2
e2e/fussnote-absatz-altform.e2e.ts,0,0,0,0,0,0,2,4
e2e/gesetze-az-register.e2e.ts,0,0,0,1,0,0,8,10
e2e/gesetze-breite.e2e.ts,0,0,0,0,0,1,3,2
e2e/gesetze-footer-cls.e2e.ts,0,0,0,0,1,0,1,4
e2e/gesetze-ia4-scope.e2e.ts,0,0,0,0,0,0,5,8
e2e/gesetze-ia5-rechtsgebiet-kanon.e2e.ts,0,0,0,0,0,0,5,5
e2e/gesetze-kanton-g5.e2e.ts,0,0,1,0,0,0,7,5
e2e/gesetze-pdf-download.e2e.ts,0,0,2,0,0,0,2,7
e2e/gesetze-randtitel-6b.e2e.ts,0,0,0,0,1,0,1,6
e2e/gesetze-rechtsgebiet-g6.e2e.ts,0,0,0,0,0,0,2,3
e2e/gesetze-rechtsgebiet-uebersicht-j3.e2e.ts,0,0,0,0,0,0,3,4
e2e/gesetze-schnellzugriff-filter.e2e.ts,0,0,0,0,0,0,1,1
e2e/gesetze-uebersicht-u.e2e.ts,0,0,1,0,0,0,10,13
e2e/gesetze-ux-g3b-anhang.e2e.ts,0,0,1,0,0,0,6,14
e2e/gesetze-wahl-kopf-reserve.e2e.ts,0,0,0,0,0,0,2,2
e2e/hist-ansicht-w25i.e2e.ts,0,0,0,0,1,0,9,27
e2e/ics-export-z1.e2e.ts,0,0,0,0,0,0,5,10
e2e/info-seiten-breite.e2e.ts,0,0,0,0,0,0,14,11
e2e/international-adresse-b45.e2e.ts,0,0,0,0,0,0,12,11
e2e/katalog-breite.e2e.ts,0,0,0,0,0,0,9,5
e2e/katalog-themenleiste-fokusring.e2e.ts,0,0,0,0,0,0,3,2
e2e/katalog-themenleiste-sticky.e2e.ts,0,0,0,0,0,0,4,3
e2e/katalog-zeile-untertitel-kappung.e2e.ts,0,0,0,0,0,0,2,1
e2e/klebende-leisten-abstand.e2e.ts,0,0,0,0,0,0,60,135
e2e/kontrast-fristmarker.e2e.ts,0,0,0,0,0,0,2,3
e2e/kopfsuche-esc.e2e.ts,0,0,0,0,0,0,2,3
e2e/leser-adresse-lm202.e2e.ts,0,0,0,3,0,0,9,56
e2e/leser-bezuege-fuss-d34.e2e.ts,0,0,0,0,0,0,2,8
e2e/leser-bezuege-inhalt-d30.e2e.ts,0,0,0,0,1,0,2,7
e2e/leser-d38-treffer-lesespalte.e2e.ts,0,0,0,0,2,0,14,136
e2e/leser-dialog-fokus.e2e.ts,0,0,0,0,5,0,4,19
e2e/leser-druck-tabellen-w217.e2e.ts,0,0,0,2,2,0,51,99
e2e/leser-einzelmodus.e2e.ts,0,0,0,0,2,0,32,96
e2e/leser-gliederung-klappen-w217.e2e.ts,0,0,0,0,0,0,8,65
e2e/leser-gliederung-p8.e2e.ts,0,0,0,0,1,0,3,16
e2e/leser-kein-ueberlauf.e2e.ts,0,0,0,0,0,0,4,11
e2e/leser-klapp-sonde.e2e.ts,0,0,0,0,0,0,2,10
e2e/leser-kopf-cls-s3.e2e.ts,0,0,0,0,0,0,4,24
e2e/leser-lade-cls.e2e.ts,0,0,0,0,0,0,6,16
e2e/leser-marke-mitlaufen.e2e.ts,0,0,0,0,2,0,4,65
e2e/leser-marken-geometrie.e2e.ts,0,0,0,0,1,0,3,11
e2e/leser-nachbar-rohdaten.e2e.ts,0,0,0,0,0,0,17,38
e2e/leser-position-u.e2e.ts,0,0,0,0,3,0,6,27
e2e/leser-split-w217.e2e.ts,0,0,0,0,5,0,10,146
e2e/leser-suche-klappzustand.e2e.ts,0,0,0,0,0,0,3,8
e2e/leser-suche-vertrag-b8.e2e.ts,0,0,0,0,0,0,5,14
e2e/leser-suchfeld.e2e.ts,0,0,0,0,0,0,5,18
e2e/leser-tabelle-nachspann.e2e.ts,0,0,0,0,0,0,2,3
e2e/leser-tastatur-menue-tabelle.e2e.ts,0,0,0,0,0,0,4,15
e2e/leser-tieflink-robust-w217.e2e.ts,0,0,0,0,0,0,13,58
e2e/leser-toc-sprung.e2e.ts,0,0,0,0,0,0,2,16
e2e/leser-v3-auskunft.e2e.ts,0,0,0,0,0,0,5,7
e2e/leser-v3-blatt.e2e.ts,0,0,0,0,10,0,7,16
e2e/leser-v3-esc-ohne-sprung.e2e.ts,0,0,0,0,0,0,4,19
e2e/leser-v3-fokusring-suchfeld.e2e.ts,0,0,0,0,0,0,4,14
e2e/leser-v3-highlight-split.e2e.ts,0,0,0,1,0,0,2,5
e2e/leser-v3-kopf.e2e.ts,0,0,0,0,0,0,22,94
e2e/leser-v3-ortsangabe.e2e.ts,0,0,0,0,0,0,2,11
e2e/leser-v3-panel-blatt-leerstellen.e2e.ts,0,0,0,0,0,0,1,1
e2e/leser-v3-panel-erlaeuterungen.e2e.ts,0,0,0,0,0,0,6,17
e2e/leser-v3-panel-erwaegungssprung.e2e.ts,0,0,0,0,1,0,1,8
e2e/leser-v3-panel-facetten.e2e.ts,0,0,0,0,0,0,6,35
e2e/leser-v3-panel-filter-befunde.e2e.ts,0,0,0,0,0,0,13,51
e2e/leser-v3-panel-kurztext.e2e.ts,0,0,0,0,1,0,1,9
e2e/leser-v3-panel-nachzug.e2e.ts,0,0,0,0,5,0,8,41
e2e/leser-v3-panel-revision-badge.e2e.ts,0,0,0,0,0,0,2,8
e2e/leser-v3-panel-zaehler.e2e.ts,0,0,0,0,1,0,4,11
e2e/leser-v3-prerender-bezuege.e2e.ts,0,0,0,0,0,0,3,7
e2e/leser-v3-schriftskala.e2e.ts,0,0,0,0,0,0,3,9
e2e/leser-v3-scrim-b7n1.e2e.ts,0,0,0,0,2,1,17,89
e2e/leser-v3-scroll-blur.e2e.ts,0,0,0,0,1,0,2,35
e2e/leser-v3-suche-ohne-gliederung.e2e.ts,0,0,0,0,13,0,9,36
e2e/leser-v3-suche-sprung.e2e.ts,0,0,0,0,0,0,5,19
e2e/leser-v3-suchfeld-ueberall.e2e.ts,0,0,0,0,0,0,4,8
e2e/leser-v3-treffer-deckel.e2e.ts,0,0,0,0,0,0,1,4
e2e/leser-v3-treffer-reihenfolge.e2e.ts,0,0,0,0,0,0,5,22
e2e/leser-v3-uebersicht.e2e.ts,0,0,0,0,0,0,20,71
e2e/leser-v3-umschalten.e2e.ts,0,0,1,0,0,0,2,7
e2e/leser-w224-g.e2e.ts,0,0,0,0,0,0,10,59
e2e/leser-w228-landkarte.e2e.ts,0,0,0,0,0,0,13,109
e2e/leser-weiterlesen-r4-r8.e2e.ts,0,0,0,0,1,0,9,34
e2e/leser-wortlaut-w217.e2e.ts,0,0,0,0,0,0,4,6
e2e/leser-ziffer-fragment-w227.e2e.ts,0,0,0,0,0,0,9,22
e2e/leser-zukunftsfassung-w2-27.e2e.ts,0,0,0,0,0,0,2,4
e2e/material-leser-randspalte.e2e.ts,0,0,0,0,0,0,4,3
e2e/materialien-breite.e2e.ts,0,0,0,0,0,2,5,5
e2e/materialien-cls.e2e.ts,0,0,0,0,0,0,2,4
e2e/materialien-deckel.e2e.ts,0,0,0,0,0,0,4,6
e2e/materialien-m1-estv-mwst.e2e.ts,0,0,0,0,0,0,2,2
e2e/materialien-m2-seco.e2e.ts,0,0,0,0,0,0,2,2
e2e/materialien-m3-edoeb.e2e.ts,0,0,0,0,0,0,2,2
e2e/materialien-m4-estv-ks.e2e.ts,0,0,0,0,0,0,2,2
e2e/materialien-m5-verzahnung.e2e.ts,0,0,0,0,0,0,1,1
e2e/plz-wahl.e2e.ts,0,0,0,0,0,0,3,4
e2e/popover-lesbar-d31.e2e.ts,0,0,1,0,1,0,6,28
e2e/rechner-breite.e2e.ts,0,0,0,0,0,0,36,36
e2e/rechtsprechung-besetzung-links.e2e.ts,0,0,0,0,0,0,5,15
e2e/rechtsprechung-breite.e2e.ts,0,0,0,0,0,0,8,9
e2e/reiter-fokusring.e2e.ts,0,0,0,0,0,0,12,10
e2e/schnellrechner-kalender.e2e.ts,0,0,0,0,0,0,3,3
e2e/seitenbreite.e2e.ts,0,0,0,0,2,0,88,210
e2e/smoke.e2e.ts,0,0,0,0,0,0,22,14
e2e/split-erwaegungssprung.e2e.ts,0,0,0,0,4,0,4,31
e2e/startseite-blatt.e2e.ts,0,0,0,0,0,0,47,77
e2e/startseite-breite.e2e.ts,0,0,0,0,0,0,37,42
e2e/startseite-schnellwerkzeug.e2e.ts,0,0,0,0,0,0,9,16
e2e/suche-randspalte.e2e.ts,0,0,0,0,0,0,4,4
e2e/tagerechner-datum-ungueltig.e2e.ts,0,0,0,0,0,0,2,2
e2e/tagerechner-rechenweg-sync.e2e.ts,0,0,0,0,0,0,6,8
e2e/tastatur.e2e.ts,0,0,0,0,7,0,6,5
e2e/topbar-kein-ueberlauf-320.e2e.ts,0,0,0,0,0,0,6,15
e2e/uinav-o2-sidebar.e2e.ts,0,0,0,0,0,0,4,6
e2e/verlauf-o1.e2e.ts,0,0,0,0,0,0,4,5
e2e/vorlagen-breite.e2e.ts,0,0,0,1,0,0,40,40
e2e/vorlagen-hinweise-lesemass.e2e.ts,0,0,0,0,0,0,52,88
e2e/vorlagen-pruefschritt-d5.e2e.ts,0,0,0,0,0,0,1,2
e2e/vorlagen-wizard-fokus.e2e.ts,0,0,0,0,0,0,8,12
e2e/w223b-kopf-seitenleiste.e2e.ts,0,0,0,0,0,0,9,3
e2e/w224-d35-f2-kopf.e2e.ts,0,0,0,0,0,0,2,8
e2e/w224-d35-f3-vermerke.e2e.ts,0,0,0,0,0,0,9,12
e2e/w224-d35-f4-menue.e2e.ts,0,0,1,0,0,0,8,49
e2e/w224-d37-seitenleiste-gruppen.e2e.ts,0,0,0,0,0,0,5,4
e2e/w224-ga-kopf.e2e.ts,0,0,0,0,0,0,3,2
e2e/w224-gb-register.e2e.ts,0,0,0,0,1,0,40,54
e2e/w224-kopfsuche-d23.e2e.ts,0,0,0,0,0,0,13,35
e2e/w224-l6-panekopf.e2e.ts,0,0,1,0,0,0,4,15
e2e/w224-leser-d32-d33.e2e.ts,0,0,0,0,0,0,9,74
e2e/w224-plus-reiter.e2e.ts,0,0,0,0,0,0,7,13
e2e/w224-r13-reiter.e2e.ts,0,0,0,0,0,0,29,76
e2e/w224-r13b-reiter-cls.e2e.ts,0,0,0,0,0,0,5,38
e2e/w224-r14-reiter-modell.e2e.ts,0,0,0,0,0,0,6,6
e2e/w224-r14b-meta-reiter.e2e.ts,0,0,0,0,0,0,4,6
e2e/w224-r6i-vorschau-schrift.e2e.ts,0,0,0,0,0,0,2,6
e2e/w224-reiterverhalten.e2e.ts,0,0,0,0,2,0,12,108
e2e/w229-blatt-runde2.e2e.ts,0,0,0,0,0,0,5,24
e2e/w229-w1f-blatt-folgt.e2e.ts,0,0,2,0,0,0,3,16
e2e/w229-w1f-blatt-scroll.e2e.ts,0,0,0,0,0,0,2,19
e2e/werkzeugkopf-intro-mobil.e2e.ts,0,0,0,0,0,0,2,2
e2e/zustaendigkeit-fluss.e2e.ts,0,0,0,0,0,0,2,2
